<?xml version="1.0" encoding="UTF-8"?>
<GenRun Id="impl_1" LaunchPart="xc7z020clg484-1" LaunchTime="1572979600">
  <File Type="BG-BIT" Name="vga_maze_top.bit"/>
  <File Type="BITSTR-NKY" Name="vga_maze_top.nky"/>
  <File Type="WBT-USG" Name="usage_statistics_webtalk.html"/>
  <File Type="BG-DRC" Name="vga_maze_top.drc"/>
  <File Type="BG-BGN" Name="vga_maze_top.bgn"/>
  <File Type="BITSTR-RBT" Name="vga_maze_top.rbt"/>
  <File Type="ROUTE-CLK" Name="vga_maze_top_clock_utilization_routed.rpt"/>
  <File Type="RDI-RDI" Name="vga_maze_top.vdi"/>
  <File Type="POSTROUTE-PHYSOPT-BLACKBOX-DCP" Name="vga_maze_top_postroute_physopt_bb.dcp"/>
  <File Type="POSTROUTE-PHYSOPT-DCP" Name="vga_maze_top_postroute_physopt.dcp"/>
  <File Type="ROUTE-TIMING-RPX" Name="vga_maze_top_timing_summary_routed.rpx"/>
  <File Type="ROUTE-TIMING-PB" Name="vga_maze_top_timing_summary_routed.pb"/>
  <File Type="ROUTE-TIMINGSUMMARY" Name="vga_maze_top_timing_summary_routed.rpt"/>
  <File Type="ROUTE-STATUS-PB" Name="vga_maze_top_route_status.pb"/>
  <File Type="ROUTE-STATUS" Name="vga_maze_top_route_status.rpt"/>
  <File Type="ROUTE-PWR-RPX" Name="vga_maze_top_power_routed.rpx"/>
  <File Type="BITSTR-SYSDEF" Name="vga_maze_top.sysdef"/>
  <File Type="ROUTE-METHODOLOGY-DRC-PB" Name="vga_maze_top_methodology_drc_routed.pb"/>
  <File Type="ROUTE-METHODOLOGY-DRC-RPX" Name="vga_maze_top_methodology_drc_routed.rpx"/>
  <File Type="BITSTR-MMI" Name="vga_maze_top.mmi"/>
  <File Type="ROUTE-METHODOLOGY-DRC" Name="vga_maze_top_methodology_drc_routed.rpt"/>
  <File Type="BITSTR-LTX" Name="vga_maze_top.ltx"/>
  <File Type="ROUTE-DRC-RPX" Name="vga_maze_top_drc_routed.rpx"/>
  <File Type="ROUTE-DRC-PB" Name="vga_maze_top_drc_routed.pb"/>
  <File Type="PWROPT-DCP" Name="vga_maze_top_pwropt.dcp"/>
  <File Type="ROUTE-BUS-SKEW-RPX" Name="vga_maze_top_bus_skew_routed.rpx"/>
  <File Type="ROUTE-PWR-SUM" Name="vga_maze_top_power_summary_routed.pb"/>
  <File Type="REPORTS-TCL" Name="vga_maze_top_reports.tcl"/>
  <File Type="ROUTE-BUS-SKEW-PB" Name="vga_maze_top_bus_skew_routed.pb"/>
  <File Type="ROUTE-PWR" Name="vga_maze_top_power_routed.rpt"/>
  <File Type="PA-TCL" Name="vga_maze_top.tcl"/>
  <File Type="BITSTR-MSK" Name="vga_maze_top.msk"/>
  <File Type="PLACE-PRE-SIMILARITY" Name="vga_maze_top_incremental_reuse_pre_placed.rpt"/>
  <File Type="OPT-DCP" Name="vga_maze_top_opt.dcp"/>
  <File Type="PA-DCP" Name="vga_maze_top.dcp"/>
  <File Type="ROUTE-BUS-SKEW" Name="vga_maze_top_bus_skew_routed.rpt"/>
  <File Type="OPT-HWDEF" Name="vga_maze_top.hwdef"/>
  <File Type="BITSTR-BMM" Name="vga_maze_top_bd.bmm"/>
  <File Type="PLACE-CTRL" Name="vga_maze_top_control_sets_placed.rpt"/>
  <File Type="OPT-DRC" Name="vga_maze_top_drc_opted.rpt"/>
  <File Type="PLACE-DCP" Name="vga_maze_top_placed.dcp"/>
  <File Type="PLACE-IO" Name="vga_maze_top_io_placed.rpt"/>
  <File Type="PLACE-UTIL" Name="vga_maze_top_utilization_placed.rpt"/>
  <File Type="PLACE-UTIL-PB" Name="vga_maze_top_utilization_placed.pb"/>
  <File Type="ROUTE-DRC" Name="vga_maze_top_drc_routed.rpt"/>
  <File Type="POSTPLACE-PWROPT-DCP" Name="vga_maze_top_postplace_pwropt.dcp"/>
  <File Type="BG-BIN" Name="vga_maze_top.bin"/>
  <File Type="PHYSOPT-DCP" Name="vga_maze_top_physopt.dcp"/>
  <File Type="ROUTE-ERROR-DCP" Name="vga_maze_top_routed_error.dcp"/>
  <File Type="ROUTE-DCP" Name="vga_maze_top_routed.dcp"/>
  <File Type="ROUTE-BLACKBOX-DCP" Name="vga_maze_top_routed_bb.dcp"/>
  <FileSet Name="sources" Type="DesignSrcs" RelSrcDir="$PSRCDIR/sources_1">
    <Filter Type="Srcs"/>
    <File Path="$PPRDIR/../lab1_code/vga_frame.sv">
      <FileInfo>
        <Attr Name="UsedIn" Val="synthesis"/>
        <Attr Name="UsedIn" Val="implementation"/>
        <Attr Name="UsedIn" Val="simulation"/>
      </FileInfo>
    </File>
    <File Path="$PPRDIR/../lab1_code/vga_sync.sv">
      <FileInfo>
        <Attr Name="UsedIn" Val="synthesis"/>
        <Attr Name="UsedIn" Val="implementation"/>
        <Attr Name="UsedIn" Val="simulation"/>
      </FileInfo>
    </File>
    <File Path="$PSRCDIR/sources_1/new/vga_sync_inside.sv">
      <FileInfo>
        <Attr Name="UsedIn" Val="synthesis"/>
        <Attr Name="UsedIn" Val="implementation"/>
        <Attr Name="UsedIn" Val="simulation"/>
      </FileInfo>
    </File>
    <File Path="$PPRDIR/../lab1_code/vga_maze_top.sv">
      <FileInfo>
        <Attr Name="UsedIn" Val="synthesis"/>
        <Attr Name="UsedIn" Val="implementation"/>
        <Attr Name="UsedIn" Val="simulation"/>
      </FileInfo>
    </File>
    <Config>
      <Option Name="DesignMode" Val="RTL"/>
      <Option Name="TopModule" Val="vga_maze_top"/>
      <Option Name="TopAutoSet" Val="TRUE"/>
    </Config>
  </FileSet>
  <FileSet Name="constrs_in" Type="Constrs" RelSrcDir="$PSRCDIR/constrs_1">
    <Filter Type="Constrs"/>
    <File Path="$PPRDIR/../lab1_code/lab1.xdc">
      <FileInfo>
        <Attr Name="UsedIn" Val="synthesis"/>
        <Attr Name="UsedIn" Val="implementation"/>
      </FileInfo>
    </File>
    <Config>
      <Option Name="ConstrsType" Val="XDC"/>
    </Config>
  </FileSet>
  <FileSet Name="utils" Type="Utils" RelSrcDir="$PSRCDIR/utils_1">
    <Filter Type="Utils"/>
    <Config>
      <Option Name="TopAutoSet" Val="TRUE"/>
    </Config>
  </FileSet>
  <Strategy Version="1" Minor="2">
    <StratHandle Name="Vivado Implementation Defaults" Flow="Vivado Implementation 2018"/>
    <Step Id="init_design"/>
    <Step Id="opt_design"/>
    <Step Id="power_opt_design"/>
    <Step Id="place_design"/>
    <Step Id="post_place_power_opt_design"/>
    <Step Id="phys_opt_design"/>
    <Step Id="route_design"/>
    <Step Id="post_route_phys_opt_design"/>
    <Step Id="write_bitstream"/>
  </Strategy>
</GenRun>
